"Date Time","Salinity (psu)","DO (mg/L)","Temperature (C)","Total Dissolved Solids (mg/L)"
"2024-03-26 18:16:00.000","0.0","8.380485534667969","20.889698028564453","0.0"
"2024-03-26 19:04:00.000","0.06815937161445618","10.800354957580566","19.44559097290039","93.66671741008759"
"2024-03-26 20:00:00.000","0.07056479901075363","10.822397232055664","21.199846267700195","96.86931222677231"
"2024-03-26 21:00:00.000","0.07784407585859299","10.872907638549805","24.36646842956543","106.653593480587"
"2024-03-26 22:00:00.000","0.08110780268907547","10.828944206237793","35.1961669921875","111.62351071834564"
"2024-03-26 23:00:00.000","0.08511047065258026","10.671894073486328","28.427480697631836","116.54475331306458"
"2024-03-27 00:00:00.000","0.08430881053209305","10.567229270935059","24.6999568939209","115.31822383403778"
"2024-03-27 00:04:00.000","0.0842754915356636","10.577727317810059","24.512252807617188","115.26865512132645"
"2024-03-27 01:00:00.000","0.08397964388132095","10.58779239654541","23.167518615722656","114.84593898057938"
"2024-03-27 02:00:00.000","0.0838305875658989","10.625555038452148","22.1982479095459","114.63768035173416"
"2024-03-27 03:00:00.000","0.08369764685630798","10.657269477844238","21.191909790039062","114.46085572242737"
"2024-03-27 04:00:00.000","0.08343349397182465","10.713615417480469","20.158666610717773","114.12031948566437"
"2024-03-27 05:00:00.000","0.08332481980323792","10.75059986114502","19.003860473632812","114.00482803583145"
"2024-03-27 06:00:00.000","0.08319368213415146","10.81035327911377","17.917333602905273","113.87435346841812"
"2024-03-27 07:00:00.000","0.082956962287426","10.871023178100586","16.8819637298584","113.61642926931381"
"2024-03-27 08:00:00.000","0.08287596702575684","10.901079177856445","15.844595909118652","113.58346790075302"
"2024-03-27 09:00:00.000","0.08278204500675201","10.970829010009766","15.172205924987793","113.51911723613739"
"2024-03-27 10:00:00.000","0.08267514407634735","11.029276847839355","14.69993782043457","113.42299729585648"
"2024-03-27 11:00:00.000","0.08265431970357895","11.061339378356934","14.262201309204102","113.44096064567566"
"2024-03-27 12:00:00.000","0.08262735605239868","11.141109466552734","13.951621055603027","113.44307661056519"
"2024-03-27 13:00:00.000","0.08256310969591141","11.185086250305176","13.700209617614746","113.38766664266586"
"2024-03-27 14:00:00.000","0.08255539834499359","11.226263046264648","13.460405349731445","113.40650916099548"
"2024-03-27 15:00:00.000","0.08257467299699783","11.256233215332031","13.2542085647583","113.46159875392914"
"2024-03-27 16:00:00.000","0.08256226778030396","11.298797607421875","13.182453155517578","113.45468461513519"
"2024-03-27 17:00:00.000","0.08261363208293915","11.305681228637695","13.573529243469238","113.47383260726929"
"2024-03-27 18:00:00.000","0.0827348381280899","11.320735931396484","14.133145332336426","113.56603354215622"
"2024-03-27 19:00:00.000","0.08281794935464859","11.338894844055176","14.679618835449219","113.6169508099556"
"2024-03-27 20:00:00.000","0.08288206905126572","11.352760314941406","15.155308723449707","113.65623027086258"
"2024-03-27 21:00:00.000","0.08296946436166763","11.361116409301758","15.479077339172363","113.74211311340332"
"2024-03-27 22:00:00.000","0.0829770639538765","11.346246719360352","15.591968536376953","113.74224722385406"
"2024-03-27 23:00:00.000","0.082992322742939","11.357255935668945","15.575235366821289","113.76415938138962"
"2024-03-28 00:00:00.000","0.08298951387405396","11.349464416503906","15.548301696777344","113.76284062862396"
"2024-03-28 01:00:00.000","0.08298644423484802","11.333709716796875","15.511940002441406","113.76196146011353"
"2024-03-28 02:00:00.000","0.08300748467445374","11.338191986083984","15.468025207519531","113.79405111074448"
"2024-03-28 03:00:00.000","0.08301369100809097","11.31623649597168","15.31968879699707","113.81613463163376"
"2024-03-28 04:00:00.000","0.0829605981707573","11.300830841064453","15.079869270324707","113.76777291297913"
"2024-03-28 05:00:00.000","0.08294786512851715","11.309353828430176","14.770926475524902","113.78185451030731"
"2024-03-28 06:00:00.000","0.08292325586080551","11.302044868469238","14.346166610717773","113.79428952932358"
"2024-03-28 07:00:00.000","0.08282739669084549","11.315238952636719","13.901938438415527","113.71802538633347"
"2024-03-28 08:00:00.000","0.08276819437742233","11.330078125","13.534428596496582","113.68465423583984"
"2024-03-28 09:00:00.000","0.08275049924850464","11.343849182128906","13.236446380615234","113.69963735342026"
"2024-03-28 10:00:00.000","0.08270906656980515","11.366064071655273","12.982259750366211","113.68025094270706"
"2024-03-28 11:00:00.000","0.08269336819648743","11.375860214233398","12.718317031860352","113.69750648736954"
"2024-03-28 12:00:00.000","0.08265828341245651","11.396369934082031","12.404731750488281","113.69678378105164"
"2024-03-28 13:00:00.000","0.0825989693403244","11.405957221984863","12.072349548339844","113.6714220046997"
"2024-03-28 14:00:00.000","0.08245499432086945","11.450249671936035","11.707633972167969","113.53898793458939"
"2024-03-28 15:00:00.000","0.08245313912630081","11.477289199829102","11.405526161193848","113.58919739723206"
"2024-03-28 16:00:00.000","0.0824514776468277","11.494963645935059","11.308354377746582","113.60567063093185"
"2024-03-28 17:00:00.000","0.08253905922174454","11.486302375793457","11.551365852355957","113.67983371019363"
"2024-03-28 18:00:00.000","0.08265835046768188","11.506058692932129","12.220707893371582","113.73207718133926"
"2024-03-28 19:00:00.000","0.08602166175842285","11.398215293884277","16.0497989654541","117.78713762760162"
"2024-03-28 20:00:00.000","4.184098720550537","10.494586944580078","11.327613830566406","4930.643558502197"
"2024-03-28 21:00:00.000","4.025145053863525","10.536497116088867","11.375214576721191","4754.562854766846"
"2024-03-28 22:00:00.000","2.655891180038452","10.635075569152832","11.568434715270996","3216.355800628662"
"2024-03-28 23:00:00.000","1.6771368980407715","10.70821762084961","11.611564636230469","2083.6164951324463"
"2024-03-29 00:00:00.000","1.9139480590820312","10.689889907836914","11.560795783996582","2361.260175704956"
"2024-03-29 01:00:00.000","1.62327241897583","10.711837768554688","11.468411445617676","2020.735502243042"
"2024-03-29 02:00:00.000","1.2380975484848022","10.718002319335938","11.388433456420898","1562.875509262085"
"2024-03-29 03:00:00.000","0.9985613226890564","10.716665267944336","11.300769805908203","1273.7705707550049"
"2024-03-29 04:00:00.000","0.9402400851249695","10.692749977111816","11.216377258300781","1202.9095888137817"
"2024-03-29 05:00:00.000","4.290407657623291","10.52387809753418","11.223422050476074","5048.97403717041"
"2024-03-29 06:00:00.000","5.215147495269775","10.504167556762695","11.198046684265137","6059.512615203857"
"2024-03-29 07:00:00.000","12.40089225769043","10.156675338745117","11.236241340637207","13530.281066894531"
"2024-03-29 08:00:00.000","11.843202590942383","10.212047576904297","11.221175193786621","12969.4185256958"
"2024-03-29 09:00:00.000","11.110072135925293","10.279988288879395","11.200560569763184","12227.465629577637"
"2024-03-29 10:00:00.000","8.67309284210205","10.329618453979492","11.094815254211426","9727.15950012207"
"2024-03-29 11:00:00.000","2.8878705501556396","10.589984893798828","10.945826530456543","3484.9212169647217"
"2024-03-29 12:00:00.000","1.7139652967453003","10.62038516998291","10.890983581542969","2130.110263824463"
"2024-03-29 13:00:00.000","1.5526498556137085","10.61729621887207","10.881051063537598","1939.6933317184448"
"2024-03-29 14:00:00.000","1.3879930973052979","10.604900360107422","10.840898513793945","1744.101881980896"
"2024-03-29 15:00:00.000","0.9369526505470276","10.632729530334473","10.799448013305664","1199.9149322509766"
"2024-03-29 16:00:00.000","0.7258005142211914","10.646154403686523","10.768342018127441","940.1031136512756"
"2024-03-29 17:00:00.000","0.5819382667541504","10.669797897338867","10.771883964538574","760.6490254402161"
"2024-03-29 18:00:00.000","0.6223942637443542","10.680810928344727","10.765093803405762","811.345636844635"
"2024-03-29 19:00:00.000","0.9917935132980347","10.687103271484375","10.76970100402832","1266.9025659561157"
"2024-03-29 20:00:00.000","5.44162654876709","10.4790620803833","10.853815078735352","6309.894561767578"
"2024-03-29 21:00:00.000","29.052433013916016","9.384939193725586","11.176087379455566","29453.31573486328"
"2024-03-29 22:00:00.000","31.201335906982422","9.340777397155762","11.233955383300781","31405.412673950195"
"2024-03-29 23:00:00.000","28.07169532775879","9.416378021240234","11.185225486755371","28553.081512451172"
"2024-03-30 00:00:00.000","28.68597412109375","9.342843055725098","11.188519477844238","29116.4608001709"
"2024-03-30 01:00:00.000","26.497644424438477","9.30482292175293","11.107906341552734","27106.08673095703"
"2024-03-30 02:00:00.000","2.0590879917144775","10.696504592895508","10.865215301513672","2533.8571071624756"
"2024-03-30 03:00:00.000","6.905117988586426","10.373461723327637","10.878029823303223","7876.323223114014"
"2024-03-30 04:00:00.000","14.492744445800781","9.984505653381348","10.97188949584961","15629.246711730957"
"2024-03-30 05:00:00.000","31.03473663330078","9.172660827636719","11.229907989501953","31254.545211791992"
"2024-03-30 06:00:00.000","31.611074447631836","8.904452323913574","11.109487533569336","31788.692474365234"
"2024-03-30 07:00:00.000","31.857566833496094","8.992620468139648","11.11816120147705","32010.82992553711"
"2024-03-30 08:00:00.000","32.522125244140625","9.001832962036133","11.155701637268066","32607.06329345703"
"2024-03-30 09:00:00.000","32.781776428222656","8.970176696777344","11.150940895080566","32841.26663208008"
"2024-03-30 10:00:00.000","32.66965103149414","8.721571922302246","11.170174598693848","32738.475799560547"
"2024-03-30 11:00:00.000","32.42670440673828","8.74865436553955","11.155399322509766","32521.015167236328"
"2024-03-30 12:00:00.000","18.26129150390625","9.541169166564941","10.913369178771973","19324.329376220703"
"2024-03-30 13:00:00.000","4.924727439880371","10.292669296264648","10.574384689331055","5752.528667449951"
"2024-03-30 14:00:00.000","2.918334484100342","10.405705451965332","10.515793800354004","3523.010492324829"
"2024-03-30 15:00:00.000","2.013756036758423","10.476204872131348","10.463500022888184","2483.3858013153076"
"2024-03-30 16:00:00.000","1.3616173267364502","10.549057006835938","10.457952499389648","1714.0583992004395"
"2024-03-30 17:00:00.000","1.0962520837783813","10.623760223388672","10.499817848205566","1394.5698738098145"
"2024-03-30 18:00:00.000","0.9275718331336975","10.675286293029785","10.623453140258789","1188.8954639434814"
"2024-03-30 19:00:00.000","1.544543981552124","10.731749534606934","10.743901252746582","1930.6650161743164"
"2024-03-30 20:00:00.000","26.89822769165039","9.33159065246582","11.096375465393066","27477.907180786133"
"2024-03-30 21:00:00.000","25.98993682861328","9.367104530334473","11.119937896728516","26634.1495513916"
"2024-03-30 22:00:00.000","29.172330856323242","9.288824081420898","11.201098442077637","29560.810089111328"
"2024-03-30 23:00:00.000","27.4826602935791","9.271561622619629","11.202837944030762","28008.771896362305"
"2024-03-31 00:00:00.000","26.912256240844727","9.271235466003418","11.217371940612793","27481.18019104004"
"2024-03-31 01:00:00.000","25.91551399230957","9.263346672058105","11.234563827514648","26555.10902404785"
"2024-03-31 02:00:00.000","9.733407974243164","10.2393217086792","11.328537940979004","10816.946029663086"
"2024-03-31 03:00:00.000","15.278388023376465","9.826173782348633","11.26856803894043","16392.72689819336"
"2024-03-31 04:00:00.000","23.47437858581543","9.318900108337402","11.220943450927734","24275.636672973633"
"2024-03-31 05:00:00.000","28.205490112304688","9.20909309387207","11.317482948303223","28664.304733276367"
"2024-03-31 06:00:00.000","30.188020706176758","9.275806427001953","11.310983657836914","30477.720260620117"
"2024-03-31 07:00:00.000","30.018346786499023","9.217512130737305","11.268948554992676","30326.948165893555"
"2024-03-31 08:00:00.000","30.819067001342773","9.195210456848145","11.260590553283691","31056.09703063965"
"2024-03-31 09:00:00.000","31.479976654052734","9.189385414123535","11.213512420654297","31659.81101989746"
"2024-03-31 10:00:00.000","31.934757232666016","9.100557327270508","11.153741836547852","32076.824188232422"
"2024-03-31 11:00:00.000","31.086318969726562","9.042509078979492","11.206221580505371","31303.79295349121"
"2024-03-31 12:00:00.000","29.775638580322266","9.07178020477295","11.227795600891113","30109.560012817383"
"2024-03-31 13:00:00.000","26.68602752685547","9.054006576538086","11.085018157958984","27288.034439086914"
"2024-03-31 14:00:00.000","3.53471040725708","10.375883102416992","10.607294082641602","4216.899871826172"
"2024-03-31 15:00:00.000","3.5996057987213135","10.354801177978516","10.5792818069458","4289.7748947143555"
"2024-03-31 16:00:00.000","2.7648303508758545","10.408785820007324","10.599848747253418","3347.7141857147217"
"2024-03-31 17:00:00.000","1.8384535312652588","10.511667251586914","10.72385025024414","2277.1217823028564"
"2024-03-31 18:00:00.000","1.3157680034637451","10.607404708862305","10.956340789794922","1657.3855876922607"
"2024-03-31 19:00:00.000","1.1110612154006958","10.689114570617676","11.26988410949707","1410.234808921814"
"2024-03-31 20:00:00.000","7.442204475402832","10.31989574432373","11.261075019836426","8434.82780456543"
"2024-03-31 21:00:00.000","15.343148231506348","10.109014511108398","11.351431846618652","16452.871322631836"
"2024-03-31 22:00:00.000","28.613412857055664","9.721976280212402","11.560174942016602","29017.860412597656"
"2024-03-31 23:00:00.000","28.705198287963867","9.705077171325684","11.596902847290039","29098.711013793945"
"2024-04-01 00:00:00.000","27.596054077148438","9.747486114501953","11.619946479797363","28078.868865966797"
"2024-04-01 00:02:00.000","29.643857955932617","9.61503791809082","11.609282493591309","29955.232620239258"
"2024-04-01 01:00:00.000","27.989500045776367","9.652640342712402","11.600298881530762","28442.19398498535"
"2024-04-01 02:00:00.000","29.039209365844727","9.51627254486084","11.566449165344238","29406.984329223633"
"2024-04-01 03:00:00.000","27.983280181884766","9.522298812866211","11.570415496826172","28438.43650817871"
"2024-04-01 04:00:00.000","27.980764389038086","9.46618366241455","11.557276725769043","28437.721252441406"
"2024-04-01 05:00:00.000","28.14434051513672","9.417566299438477","11.54136848449707","28589.271545410156"
"2024-04-01 06:00:00.000","29.727392196655273","9.34606647491455","11.588540077209473","30034.391403198242"
"2024-04-01 07:00:00.000","30.094947814941406","9.299857139587402","11.517722129821777","30374.195098876953"
"2024-04-01 08:00:00.000","30.87241554260254","9.235966682434082","11.447932243347168","31086.92169189453"
"2024-04-01 09:00:00.000","31.470739364624023","9.175899505615234","11.401666641235352","31633.302688598633"
"2024-04-01 10:00:00.000","31.28485870361328","9.209084510803223","11.319072723388672","31473.38104248047"
"2024-04-01 11:00:00.000","31.341575622558594","9.166165351867676","11.246326446533203","31531.293869018555"
"2024-04-01 12:00:00.000","30.07646942138672","9.171664237976074","11.417795181274414","30366.40739440918"
"2024-04-01 13:00:00.000","30.211828231811523","9.07984733581543","11.415149688720703","30489.88151550293"
"2024-04-01 14:00:00.000","30.19811248779297","8.970378875732422","11.391880989074707","30479.48455810547"
"2024-04-01 15:00:00.000","5.419134140014648","10.270735740661621","10.736795425415039","6287.336349487305"
"2024-04-01 16:00:00.000","4.628073215484619","10.320225715637207","10.690387725830078","5426.485538482666"
"2024-04-01 17:00:00.000","4.218031883239746","10.386913299560547","10.808821678161621","4974.044322967529"
"2024-04-01 18:00:00.000","3.1838314533233643","10.521037101745605","11.096851348876953","3818.340063095093"
"2024-04-01 19:00:00.000","2.6105892658233643","10.64182186126709","11.466863632202148","3165.5192375183105"
"2024-04-01 20:00:00.000","2.0565359592437744","10.736313819885254","11.837920188903809","2525.775194168091"
"2024-04-01 21:00:00.000","8.281539916992188","10.324357986450195","11.579755783081055","9308.338165283203"
"2024-04-01 22:00:00.000","29.45511245727539","9.414334297180176","11.411347389221191","29800.128936767578"
"2024-04-01 23:00:00.000","29.69968032836914","9.443603515625","11.450504302978516","30020.170211791992"
"2024-04-02 00:00:00.000","31.413333892822266","9.32088851928711","11.355067253112793","31585.80780029297"
"2024-04-02 01:00:00.000","31.2124080657959","9.34803295135498","11.47355842590332","31392.34161376953"
"2024-04-02 02:00:00.000","31.28652000427246","9.304120063781738","11.45682144165039","31461.334228515625"
"2024-04-02 03:00:00.000","31.50054359436035","9.188735008239746","11.405046463012695","31659.940719604492"
"2024-04-02 04:00:00.000","31.431865692138672","9.090352058410645","11.420166969299316","31595.455169677734"
"2024-04-02 05:00:00.000","31.460155487060547","9.009700775146484","11.395587921142578","31624.753952026367"
"2024-04-02 06:00:00.000","31.51757049560547","8.928628921508789","11.394214630126953","31676.3858795166"
"2024-04-02 07:00:00.000","31.98096466064453","8.977997779846191","11.354095458984375","32099.05242919922"
"2024-04-02 08:00:00.000","32.71446228027344","9.301972389221191","11.354475021362305","32760.040283203125"
"2024-04-02 09:00:00.000","32.89103317260742","9.057963371276855","11.3326997756958","32921.24938964844"
"2024-04-02 10:00:00.000","32.278934478759766","9.044703483581543","11.358250617980957","32367.49267578125"
"2024-04-02 11:00:00.000","32.73786926269531","8.997355461120605","11.34074592590332","32782.615661621094"
"2024-04-02 12:00:00.000","32.9792594909668","8.855147361755371","11.370397567749023","32996.76513671875"
"2024-04-02 13:00:00.000","32.34511947631836","8.849555969238281","11.355939865112305","32427.391052246094"
"2024-04-02 14:00:00.000","32.37237548828125","8.8341703414917","11.347090721130371","32452.81219482422"
"2024-04-02 15:00:00.000","31.67690086364746","8.71721363067627","11.344900131225586","31825.223922729492"
"2024-04-02 16:00:00.000","11.429813385009766","9.828313827514648","11.053092956542969","12556.708335876465"
"2024-04-02 17:00:00.000","6.227805137634277","10.215900421142578","10.978662490844727","7153.219223022461"
"2024-04-02 18:00:00.000","5.838505744934082","10.345244407653809","11.232483863830566","6731.752395629883"
"2024-04-02 19:00:00.000","4.733298301696777","10.485883712768555","11.577454566955566","5530.29727935791"
"2024-04-02 20:00:00.000","4.241898059844971","10.635564804077148","11.707171440124512","4990.176677703857"
"2024-04-02 21:00:00.000","3.1274495124816895","10.771207809448242","11.825382232666016","3748.892307281494"
"2024-04-02 22:00:00.000","24.596372604370117","9.524147987365723","11.608672142028809","25299.470901489258"
"2024-04-02 23:00:00.000","29.4114933013916","9.520166397094727","11.632451057434082","29741.29867553711"
"2024-04-03 00:00:00.000","30.024133682250977","9.467780113220215","11.61120319366455","30300.914764404297"
"2024-04-03 01:00:00.000","30.67320442199707","9.397259712219238","11.60113525390625","30892.08221435547"
"2024-04-03 02:00:00.000","31.58931541442871","9.304140090942383","11.578125953674316","31723.7606048584"
"2024-04-03 03:00:00.000","31.34105682373047","9.286331176757812","11.58029556274414","31499.06349182129"
"2024-04-03 04:00:00.000","31.137426376342773","9.206024169921875","11.56271743774414","31316.415786743164"
"2024-04-03 05:00:00.000","31.146339416503906","9.152751922607422","11.590267181396484","31321.924209594727"
"2024-04-03 06:00:00.000","31.245458602905273","9.01252269744873","11.574167251586914","31412.88185119629"
"2024-04-03 07:00:00.000","30.908111572265625","8.86213207244873","11.586193084716797","31106.483459472656"
"2024-04-03 08:00:00.000","31.246923446655273","8.946371078491211","11.55273723602295","31416.479110717773"
"2024-04-03 09:00:00.000","31.418411254882812","8.928921699523926","11.538473129272461","31572.933197021484"
"2024-04-03 10:00:00.000","31.9844970703125","9.102787017822266","11.557953834533691","32082.500457763672"
"2024-04-03 11:00:00.000","32.26313400268555","9.059765815734863","11.529633522033691","32336.471557617188"
"2024-04-03 12:00:00.000","32.5306510925293","8.934767723083496","11.482331275939941","32581.668853759766"
"2024-04-03 13:00:00.000","32.968482971191406","8.828290939331055","11.456609725952148","32978.41262817383"
"2024-04-03 14:00:00.000","32.6794319152832","8.813076972961426","11.473140716552734","32716.86553955078"
"2024-04-03 15:00:00.000","32.61631393432617","8.745863914489746","11.482935905456543","32659.095764160156"
"2024-04-03 16:00:00.000","32.34425354003906","8.748893737792969","11.499353408813477","32412.342071533203"
"2024-04-03 17:00:00.000","27.181079864501953","8.941758155822754","11.548867225646973","27702.31056213379"
"2024-04-03 18:00:00.000","5.794784069061279","10.206035614013672","11.64843463897705","6678.347110748291"
"2024-04-03 19:00:00.000","6.001922607421875","10.287897109985352","11.918359756469727","6896.355628967285"
"2024-04-03 20:00:00.000","5.943271160125732","10.376937866210938","12.105147361755371","6830.76286315918"
"2024-04-03 21:00:00.000","4.829025745391846","10.535785675048828","12.181504249572754","5627.411842346191"
"2024-04-03 22:00:00.000","4.011921405792236","10.642013549804688","12.16324234008789","4731.961727142334"
"2024-04-03 23:00:00.000","7.637514591217041","10.485066413879395","12.002206802368164","8626.527786254883"
"2024-04-04 00:00:00.000","26.98081398010254","9.542412757873535","11.601666450500488","27513.347625732422"
"2024-04-04 01:00:00.000","29.674089431762695","9.374959945678711","11.474915504455566","29994.306564331055"
"2024-04-04 02:00:00.000","30.10017204284668","9.27049446105957","11.422992706298828","30387.510299682617"
"2024-04-04 03:00:00.000","30.654949188232422","9.183435440063477","11.315635681152344","30901.878356933594"
"2024-04-04 04:00:00.000","31.372655868530273","9.040876388549805","11.24232292175293","31559.478759765625"
"2024-04-04 05:00:00.000","30.941837310791016","9.009659767150879","11.264963150024414","31166.11671447754"
"2024-04-04 06:00:00.000","30.872512817382812","8.979994773864746","11.323267936706543","31098.68812561035"
"2024-04-04 07:00:00.000","30.96198081970215","8.942933082580566","11.356891632080078","31176.685333251953"
"2024-04-04 08:00:00.000","29.77556037902832","8.885087013244629","11.40666389465332","30093.027114868164"
"2024-04-04 09:00:00.000","30.653059005737305","8.744404792785645","11.42837142944336","30889.663696289062"
"2024-04-04 10:00:00.000","32.23650360107422","8.587209701538086","11.247459411621094","32340.2099609375"
"2024-04-04 11:00:00.000","32.35036087036133","8.728330612182617","11.074795722961426","32460.0830078125"
"2024-04-04 12:00:00.000","32.480899810791016","8.659758567810059","11.144888877868652","32570.945739746094"
"2024-04-04 13:00:00.000","32.661651611328125","8.67434310913086","11.061603546142578","32742.389678955078"
"2024-04-04 14:00:00.000","33.56940460205078","8.409260749816895","10.913029670715332","33574.501037597656"
"2024-04-04 15:00:00.000","33.77375030517578","8.37781810760498","10.830272674560547","33767.147064208984"
"2024-04-04 16:00:00.000","33.21320343017578","8.29321575164795","10.941431045532227","33251.51062011719"
"2024-04-04 17:00:00.000","32.85219192504883","8.35788345336914","11.073646545410156","32912.91046142578"
"2024-04-04 18:00:00.000","31.307373046875","8.398660659790039","11.187740325927734","31505.9757232666"
"2024-04-04 19:00:00.000","12.942439079284668","9.66092300415039","11.054211616516113","14081.056594848633"
"2024-04-04 20:00:00.000","9.530497550964355","9.907470703125","11.001285552978516","10616.79458618164"
"2024-04-04 21:00:00.000","7.4691267013549805","10.172616004943848","10.951435089111328","8470.874786376953"
"2024-04-04 22:00:00.000","6.492826461791992","10.324736595153809","10.926225662231445","7437.0880126953125"
"2024-04-04 23:00:00.000","5.820093631744385","10.549115180969238","10.880562782287598","6717.458724975586"
"2024-04-05 00:00:00.000","9.37484359741211","10.581369400024414","10.98625373840332","10456.742286682129"
"2024-04-05 01:00:00.000","25.72496223449707","9.648098945617676","10.946327209472656","26401.531219482422"
"2024-04-05 02:00:00.000","28.049440383911133","9.615337371826172","10.771415710449219","28568.31932067871"
"2024-04-05 03:00:00.000","30.88023567199707","9.46196460723877","10.756095886230469","31160.669326782227"
"2024-04-05 04:00:00.000","31.203777313232422","9.44245433807373","10.71398639678955","31458.932876586914"
"2024-04-05 05:00:00.000","30.26181983947754","9.46854305267334","10.646653175354004","30608.45375061035"
"2024-04-05 06:00:00.000","28.95264434814453","9.424215316772461","10.700879096984863","29405.26008605957"
"2024-04-05 07:00:00.000","22.51093292236328","9.665769577026367","10.671255111694336","23405.643463134766"
"2024-04-05 08:00:00.000","17.048879623413086","9.797093391418457","10.623028755187988","18159.587860107422"
"2024-04-05 09:00:00.000","12.786967277526855","9.968897819519043","10.486310005187988","13946.86508178711"
"2024-04-05 10:00:00.000","14.185453414916992","9.8185453414917","10.46765422821045","15345.949172973633"
"2024-04-05 11:00:00.000","15.918578147888184","9.709964752197266","10.520191192626953","17059.736251831055"
"2024-04-05 12:00:00.000","22.615705490112305","9.7700834274292","10.321821212768555","23530.17807006836"
"2024-04-05 13:00:00.000","29.69339370727539","9.581107139587402","10.351339340209961","30117.876052856445"
"2024-04-05 14:00:00.000","30.845064163208008","9.578299522399902","10.342984199523926","31170.501708984375"
"2024-04-05 15:00:00.000","32.21949005126953","9.485445976257324","10.348332405090332","32418.365478515625"
"2024-04-05 16:00:00.000","31.890321731567383","9.48562240600586","10.329717636108398","32122.085571289062"
"2024-04-05 17:00:00.000","30.8630428314209","9.463029861450195","10.339313507080078","31187.368392944336"
"2024-04-05 18:00:00.000","28.19048500061035","9.525854110717773","10.366851806640625","28736.404418945312"
"2024-04-05 19:00:00.000","15.164602279663086","9.971108436584473","10.256962776184082","16326.995849609375"
"2024-04-05 20:00:00.000","5.508318901062012","10.589070320129395","10.333547592163086","6390.318393707275"
"2024-04-05 21:00:00.000","5.534880638122559","10.68065071105957","10.634105682373047","6414.072513580322"
"2024-04-05 22:00:00.000","4.525895595550537","10.918805122375488","10.791875839233398","5313.113212585449"
"2024-04-05 23:00:00.000","3.876730442047119","11.036972045898438","11.058018684387207","4593.46342086792"
"2024-04-06 00:00:00.000","4.3229594230651855","11.001949310302734","11.009547233581543","5087.113857269287"
"2024-04-06 01:00:00.000","20.152616500854492","10.241948127746582","10.850194931030273","21147.958755493164"
"2024-04-06 02:00:00.000","26.78156280517578","9.882054328918457","10.845442771911621","27390.888214111328"
"2024-04-06 03:00:00.000","29.44938850402832","9.663697242736816","10.692749977111816","29861.000061035156"
"2024-04-06 04:00:00.000","30.867408752441406","9.543863296508789","10.639793395996094","31160.655975341797"
"2024-04-06 05:00:00.000","31.670520782470703","9.477307319641113","10.597670555114746","31894.43016052246"
"2024-04-06 06:00:00.000","29.92169761657715","9.465975761413574","10.639769554138184","30298.429489135742"
"2024-04-06 07:00:00.000","30.03919219970703","9.47266960144043","10.659323692321777","30403.79524230957"
"2024-04-06 08:00:00.000","29.204444885253906","9.379042625427246","10.680062294006348","29638.12828063965"
"2024-04-06 09:00:00.000","18.25154685974121","9.954190254211426","10.627554893493652","19329.389572143555"
"2024-04-06 10:00:00.000","8.535300254821777","10.466520309448242","10.166234970092773","9607.105255126953"
"2024-04-06 11:00:00.000","6.009592533111572","10.591854095458984","9.953951835632324","6937.822341918945"
"2024-04-06 12:00:00.000","28.268680572509766","9.285246849060059","10.5402250289917","28791.427612304688"
"2024-04-06 13:00:00.000","31.385297775268555","9.290693283081055","10.339249610900879","31662.521362304688"
"2024-04-06 14:00:00.000","32.16283416748047","9.17351245880127","10.288923263549805","32373.512268066406"
"2024-04-06 15:00:00.000","32.746280670166016","9.035392761230469","10.228079795837402","32908.18405151367"
"2024-04-06 16:00:00.000","33.28511047363281","8.923025131225586","10.194348335266113","33397.89581298828"
"2024-04-06 17:00:00.000","33.90859603881836","8.920236587524414","10.181611061096191","33961.524963378906"
"2024-04-06 18:00:00.000","32.915828704833984","9.025396347045898","10.228219032287598","33061.35940551758"
"2024-04-06 19:00:00.000","32.56343460083008","9.056519508361816","10.336769104003906","32730.457305908203"
"2024-04-06 20:00:00.000","16.354290008544922","10.169026374816895","10.34697151184082","17494.522094726562"
"2024-04-06 21:00:00.000","9.334671020507812","10.65661907196045","10.403465270996094","10431.327819824219"
"2024-04-06 22:00:00.000","7.996942520141602","10.859612464904785","10.709660530090332","9030.791282653809"
"2024-04-06 23:00:00.000","6.393604755401611","11.076787948608398","10.82090950012207","7333.183765411377"
"2024-04-07 00:00:00.000","4.705950736999512","11.289383888244629","10.880053520202637","5509.288787841797"
"2024-04-07 01:00:00.000","21.394262313842773","10.159128189086914","10.769009590148926","22336.994171142578"
"2024-04-07 02:00:00.000","29.523141860961914","9.755245208740234","10.881818771362305","29910.940170288086"
"2024-04-07 03:00:00.000","32.521915435791016","9.201485633850098","10.74742317199707","32649.085998535156"
"2024-04-07 04:00:00.000","32.87843322753906","8.965445518493652","10.779823303222656","32966.93420410156"
"2024-04-07 05:00:00.000","33.32808303833008","8.996079444885254","10.77676010131836","33372.291564941406"
"2024-04-07 06:00:00.000","33.646690368652344","9.0126953125","10.793177604675293","33657.08923339844"
"2024-04-07 07:00:00.000","33.076072692871094","8.839088439941406","10.793060302734375","33143.90182495117"
"2024-04-07 08:00:00.000","32.61627197265625","8.930061340332031","10.776951789855957","32730.934143066406"
"2024-04-07 09:00:00.000","30.587488174438477","9.098261833190918","10.765434265136719","30893.354415893555"
"2024-04-07 10:00:00.000","9.001163482666016","10.489458084106445","10.238903045654297","10090.251922607422"
"2024-04-07 11:00:00.000","7.772735118865967","10.551935195922852","10.155527114868164","8808.263778686523"
"2024-04-07 12:00:00.000","7.696964740753174","10.522099494934082","10.075085639953613","8730.666160583496"
"2024-04-07 13:00:00.000","29.289440155029297","9.1240234375","10.599291801452637","29723.691940307617"
"2024-04-07 14:00:00.000","30.105018615722656","8.998903274536133","10.613872528076172","30467.544555664062"
"2024-04-07 15:00:00.000","32.18824005126953","8.954179763793945","10.67335319519043","32355.365753173828"
"2024-04-07 16:00:00.000","33.637245178222656","8.662457466125488","10.733353614807129","33655.15899658203"
"2024-04-07 17:00:00.000","33.29542541503906","8.924474716186523","10.770934104919434","33343.875885009766"
"2024-04-07 18:00:00.000","33.697349548339844","9.023082733154297","10.870914459228516","33694.13375854492"
"2024-04-07 19:00:00.000","32.44498062133789","9.042006492614746","10.815495491027832","32572.47543334961"
"2024-04-07 20:00:00.000","32.579444885253906","8.934082984924316","10.849908828735352","32690.555572509766"
"2024-04-07 21:00:00.000","29.154111862182617","9.249818801879883","10.932173728942871","29568.387985229492"
"2024-04-07 22:00:00.000","7.811371803283691","10.722299575805664","11.10888957977295","8827.171325683594"
"2024-04-07 23:00:00.000","9.254244804382324","10.731640815734863","11.318848609924316","10323.51303100586"
"2024-04-08 00:00:00.000","8.094470977783203","10.880996704101562","11.507960319519043","9114.720344543457"
"2024-04-08 01:00:00.000","8.509854316711426","11.0191650390625","11.40123176574707","9550.066947937012"
"2024-04-08 02:00:00.000","25.808082580566406","9.828155517578125","11.337642669677734","26448.07243347168"
"2024-04-08 03:00:00.000","28.794761657714844","9.590328216552734","11.27563190460205","29208.01544189453"
"2024-04-08 04:00:00.000","30.700851440429688","9.3721342086792","11.195784568786621","30954.86831665039"
"2024-04-08 05:00:00.000","31.796815872192383","9.287023544311523","11.170140266418457","31950.740814208984"
"2024-04-08 06:00:00.000","31.78038787841797","9.259883880615234","11.148209571838379","31937.70980834961"
"2024-04-08 07:00:00.000","31.226268768310547","9.167388916015625","11.1509428024292","31436.03515625"
"2024-04-08 08:00:00.000","31.06747817993164","9.2046480178833","11.164081573486328","31290.75813293457"
"2024-04-08 09:00:00.000","30.717853546142578","9.137078285217285","11.156987190246582","30973.68812561035"
"2024-04-08 10:00:00.000","13.68185043334961","10.140728950500488","10.799724578857422","14830.183029174805"
"2024-04-08 11:00:00.000","10.09500503540039","10.290133476257324","10.557799339294434","11210.517883300781"
"2024-04-08 12:00:00.000","8.238258361816406","10.364030838012695","10.373662948608398","9291.414260864258"
"2024-04-08 13:00:00.000","6.704788684844971","10.403990745544434","10.190649032592773","7677.258491516113"
"2024-04-08 14:00:00.000","12.359031677246094","10.018287658691406","10.594099998474121","13512.067794799805"
"2024-04-08 15:00:00.000","29.266555786132812","9.176390647888184","10.608266830444336","29701.618194580078"
"2024-04-08 16:00:00.000","31.528789520263672","9.116337776184082","10.576560020446777","31768.062591552734"
"2024-04-08 17:00:00.000","32.75468063354492","9.187090873718262","10.641487121582031","32870.45669555664"
"2024-04-08 18:00:00.000","33.434261322021484","9.231535911560059","10.695060729980469","33476.69982910156"
"2024-04-08 19:00:00.000","33.2976188659668","9.39949893951416","10.742169380187988","33348.81591796875"
"2024-04-08 20:00:00.000","31.90336036682129","9.466071128845215","10.821773529052734","32082.218170166016"
"2024-04-08 21:00:00.000","31.305744171142578","9.452078819274902","10.91067886352539","31532.609939575195"
"2024-04-08 22:00:00.000","30.26758575439453","9.452947616577148","11.039229393005371","30575.557708740234"
"2024-04-08 23:00:00.000","9.18237018585205","10.644477844238281","11.352765083312988","10248.409271240234"
"2024-04-09 00:00:00.000","9.139852523803711","10.789347648620605","11.520574569702148","10200.254440307617"
"2024-04-09 01:00:00.000","8.060925483703613","10.927641868591309","11.674757957458496","9076.146125793457"
"2024-04-09 02:00:00.000","29.749032974243164","9.638982772827148","11.177023887634277","30089.929580688477"
"2024-04-09 03:00:00.000","29.78455352783203","9.537444114685059","11.056914329528809","30132.902145385742"
"2024-04-09 04:00:00.000","31.593257904052734","9.302892684936523","10.901249885559082","31793.331146240234"
"2024-04-09 05:00:00.000","33.35750961303711","8.996077537536621","10.79712200164795","33396.74377441406"
"2024-04-09 06:00:00.000","33.4546012878418","9.097864151000977","10.797813415527344","33483.787536621094"
"2024-04-09 07:00:00.000","33.67784881591797","9.076749801635742","10.785331726074219","33685.93978881836"
"2024-04-09 08:00:00.000","32.5131950378418","9.078317642211914","10.838213920593262","32631.675720214844"
"2024-04-09 09:00:00.000","32.1703987121582","9.038323402404785","10.870827674865723","32318.71795654297"
"2024-04-09 10:00:00.000","30.63640785217285","9.05624771118164","10.943615913391113","30920.469284057617"
"2024-04-09 11:00:00.000","11.440269470214844","10.217574119567871","10.755414962768555","12577.26001739502"
"2024-04-09 12:00:00.000","11.78974723815918","10.124529838562012","10.674062728881836","12934.100151062012"
"2024-04-09 13:00:00.000","8.733692169189453","10.247954368591309","10.512975692749023","9804.811477661133"
"2024-04-09 14:00:00.000","6.740595817565918","10.318403244018555","10.324740409851074","7712.6336097717285"
"2024-04-09 15:00:00.000","11.087695121765137","10.057659149169922","10.622262001037598","12224.127769470215"
"2024-04-09 16:00:00.000","29.253738403320312","9.194236755371094","10.428815841674805","29707.34977722168"
"2024-04-09 17:00:00.000","31.780908584594727","9.296181678771973","10.393707275390625","32016.006469726562"
"2024-04-09 18:00:00.000","32.669315338134766","9.484724044799805","10.478570938110352","32810.85968017578"
"2024-04-09 19:00:00.000","34.04896926879883","9.353333473205566","10.516149520874023","34049.17526245117"
"2024-04-09 20:00:00.000","33.59724807739258","9.568863868713379","10.64809799194336","33628.58581542969"
"2024-04-09 21:00:00.000","32.45541763305664","9.694944381713867","10.737957954406738","32589.473724365234"
"2024-04-09 22:00:00.000","32.15534591674805","9.655116081237793","10.828900337219238","32309.406280517578"
"2024-04-09 23:00:00.000","30.387563705444336","9.619539260864258","11.006608009338379","30687.929153442383"
"2024-04-10 00:00:00.000","12.104072570800781","10.635186195373535","11.593408584594727","13220.39794921875"
"2024-04-10 01:00:00.000","11.720499038696289","10.664454460144043","11.721858024597168","12830.815315246582"
"2024-04-10 02:00:00.000","16.466934204101562","10.652749061584473","11.442412376403809","17550.85563659668"
"2024-04-10 03:00:00.000","28.101118087768555","10.041894912719727","11.358342170715332","28564.94140625"
"2024-04-10 04:00:00.000","31.76856231689453","9.662586212158203","11.006867408752441","31942.420959472656"
"2024-04-10 05:00:00.000","33.63255310058594","9.223411560058594","10.615520477294922","33663.936614990234"
"2024-04-10 06:00:00.000","33.97338104248047","9.215197563171387","10.619336128234863","33969.67697143555"
"2024-04-10 07:00:00.000","34.24085998535156","9.25181770324707","10.604281425476074","34211.29608154297"
"2024-04-10 08:00:00.000","33.937767028808594","9.270329475402832","10.60610580444336","33939.186096191406"
"2024-04-10 09:00:00.000","32.87675094604492","9.234247207641602","10.667366027832031","32977.783203125"
"2024-04-10 10:00:00.000","31.917503356933594","9.208200454711914","10.779916763305664","32098.674774169922"
"2024-04-10 11:00:00.000","29.471235275268555","9.30848503112793","10.894474983215332","29862.281799316406"
"2024-04-10 12:00:00.000","12.413307189941406","10.168481826782227","10.875160217285156","13556.323051452637"
"2024-04-10 13:00:00.000","12.317255973815918","10.096810340881348","10.829763412475586","13461.252212524414"
"2024-04-10 14:00:00.000","8.902658462524414","10.207694053649902","10.65686321258545","9976.639747619629"
"2024-04-10 15:00:00.000","7.543888092041016","10.266865730285645","10.562145233154297","8558.10546875"
"2024-04-10 16:00:00.000","12.896754264831543","10.027856826782227","10.743682861328125","14047.175407409668"
"2024-04-10 17:00:00.000","27.680036544799805","9.70253849029541","10.480973243713379","28253.372192382812"
"2024-04-10 18:00:00.000","32.86903381347656","9.67105770111084","10.475462913513184","32991.668701171875"
"2024-04-10 19:00:00.000","33.157310485839844","9.752767562866211","10.603104591369629","33237.613677978516"
"2024-04-10 20:00:00.000","33.02287292480469","9.863944053649902","10.779073715209961","33098.052978515625"
"2024-04-10 21:00:00.000","33.41919708251953","9.923975944519043","10.872734069824219","33444.061279296875"
"2024-04-10 22:00:00.000","31.783000946044922","10.012144088745117","10.99342155456543","31955.86395263672"
"2024-04-10 23:00:00.000","31.71027946472168","9.92532730102539","11.000760078430176","31887.779235839844"
"2024-04-11 00:00:00.000","25.711885452270508","10.314555168151855","11.522562026977539","26344.594955444336"
"2024-04-11 01:00:00.000","23.055368423461914","10.311185836791992","11.779877662658691","23843.85871887207"
"2024-04-11 02:00:00.000","22.932083129882812","10.197042465209961","11.658463478088379","23731.658935546875"
"2024-04-11 03:00:00.000","29.744705200195312","9.981287956237793","11.15099811553955","30088.3731842041"
"2024-04-11 04:00:00.000","30.686960220336914","9.721522331237793","10.825857162475586","30977.956771850586"
"2024-04-11 05:00:00.000","33.604637145996094","9.525604248046875","10.557217597961426","33644.588470458984"
"2024-04-11 06:00:00.000","34.13591766357422","9.436174392700195","10.454106330871582","34134.29641723633"
"2024-04-11 07:00:00.000","34.454708099365234","9.375894546508789","10.55051040649414","34409.149169921875"
"2024-04-11 08:00:00.000","34.34484100341797","9.317025184631348","10.655377388000488","34298.87771606445"
"2024-04-11 09:00:00.000","33.94013977050781","9.277242660522461","10.639608383178711","33937.56866455078"
"2024-04-11 10:00:00.000","33.408851623535156","9.35106372833252","10.575108528137207","33467.193603515625"
"2024-04-11 11:00:00.000","31.358074188232422","9.438584327697754","10.746084213256836","31596.208572387695"
"2024-04-11 12:00:00.000","21.20755386352539","9.717259407043457","11.055924415588379","22142.433166503906"
"2024-04-11 13:00:00.000","12.325178146362305","10.132744789123535","11.095935821533203","13459.66625213623"
"2024-04-11 14:00:00.000","12.053923606872559","10.083520889282227","11.023978233337402","13188.824653625488"
"2024-04-11 15:00:00.000","8.932574272155762","10.132547378540039","10.964130401611328","9999.706268310547"
"2024-04-11 16:00:00.000","8.129521369934082","10.16312026977539","11.040326118469238","9161.81468963623"
"2024-04-11 17:00:00.000","12.084373474121094","10.153210639953613","11.125452041625977","13216.320991516113"
"2024-04-11 18:00:00.000","28.650100708007812","9.664398193359375","10.608965873718262","29135.990142822266"
"2024-04-11 19:00:00.000","33.36470413208008","9.583536148071289","10.506963729858398","33435.00900268555"
"2024-04-11 20:00:00.000","32.915870666503906","9.820294380187988","10.745502471923828","33004.486083984375"
"2024-04-11 21:00:00.000","33.44786071777344","9.854001998901367","10.851527214050293","33472.10693359375"
"2024-04-11 22:00:00.000","33.74956130981445","9.874412536621094","10.921857833862305","33735.48126220703"
"2024-04-11 23:00:00.000","32.960105895996094","10.153223991394043","11.079614639282227","33009.07516479492"
"2024-04-12 00:00:00.000","32.655113220214844","10.139961242675781","11.108175277709961","32731.712341308594"
"2024-04-12 01:00:00.000","31.526948928833008","10.143729209899902","11.317461013793945","31692.245483398438"
"2024-04-12 02:00:00.000","29.52910041809082","9.941214561462402","11.31274127960205","29878.023147583008"
"2024-04-12 03:00:00.000","31.7420711517334","9.664926528930664","11.110447883605957","31907.140731811523"
"2024-04-12 04:00:00.000","33.12234115600586","9.740861892700195","10.905317306518555","33173.587799072266"
"2024-04-12 05:00:00.000","32.30487060546875","9.384568214416504","10.738330841064453","32453.990936279297"
"2024-04-12 06:00:00.000","33.323787689208984","9.039289474487305","10.443533897399902","33405.235290527344"
"2024-04-12 07:00:00.000","34.01432800292969","8.686436653137207","10.347984313964844","34037.296295166016"
"2024-04-12 08:00:00.000","34.115135192871094","8.697019577026367","10.355146408081055","34127.017974853516"
"2024-04-12 09:00:00.000","34.25651931762695","8.630806922912598","10.33488655090332","34255.9700012207"
"2024-04-12 10:00:00.000","33.230133056640625","8.667856216430664","10.395315170288086","33326.21383666992"
"2024-04-12 11:00:00.000","33.39933776855469","8.629806518554688","10.435962677001953","33474.11346435547"
"2024-04-12 12:00:00.000","32.84952926635742","8.825671195983887","10.607928276062012","32958.885192871094"
"2024-04-12 13:00:00.000","30.905906677246094","9.091963768005371","10.858424186706543","31173.86817932129"
"2024-04-12 14:00:00.000","12.300596237182617","10.032331466674805","11.395923614501953","13424.479484558105"
"2024-04-12 15:00:00.000","12.482213973999023","10.004546165466309","11.374421119689941","13607.638359069824"
"2024-04-12 16:00:00.000","10.914800643920898","10.086873054504395","11.459847450256348","12021.027565002441"
"2024-04-12 17:00:00.000","12.12588119506836","10.110424041748047","11.515539169311523","13244.622230529785"
"2024-04-12 18:00:00.000","30.5128173828125","8.980680465698242","10.524740219116211","30846.813201904297"
"2024-04-12 19:00:00.000","31.364662170410156","8.93954086303711","10.565890312194824","31620.180130004883"
"2024-04-12 20:00:00.000","34.7829704284668","8.455989837646484","10.274394989013672","34735.477447509766"
"2024-04-12 21:00:00.000","33.7061767578125","8.738442420959473","10.489323616027832","33744.22836303711"
"2024-04-12 22:00:00.000","34.39864730834961","8.586470603942871","10.338046073913574","34382.74002075195"
"2024-04-12 23:00:00.000","34.37828063964844","8.660886764526367","10.413568496704102","34356.414794921875"
"2024-04-13 00:00:00.000","34.39632034301758","9.0176362991333","10.482683181762695","34364.6125793457"
"2024-04-13 01:00:00.000","33.57640838623047","8.961499214172363","10.627423286437988","33611.37771606445"
"2024-04-13 02:00:00.000","33.68042755126953","8.78952407836914","10.578171730041504","33711.12823486328"
"2024-04-13 03:00:00.000","33.57597732543945","8.682391166687012","10.6055908203125","33614.17007446289"
"2024-04-13 04:00:00.000","34.641265869140625","8.361809730529785","10.360267639160156","34594.6159362793"
"2024-04-13 05:00:00.000","34.2910270690918","8.589723587036133","10.478787422180176","34270.63751220703"
"2024-04-13 06:00:00.000","34.10015106201172","8.795469284057617","10.546826362609863","34091.62139892578"
"2024-04-13 07:00:00.000","33.9642219543457","8.672927856445312","10.563392639160156","33968.170166015625"
"2024-04-13 08:00:00.000","34.26628112792969","8.762850761413574","10.604706764221191","34234.08889770508"
"2024-04-13 09:00:00.000","34.476539611816406","8.815587997436523","10.645771026611328","34417.8352355957"
"2024-04-13 10:00:00.000","34.63945770263672","8.98610782623291","10.743603706359863","34552.78015136719"
"2024-04-13 11:00:00.000","34.624847412109375","8.79983901977539","10.688950538635254","34545.69625854492"
"2024-04-13 12:00:00.000","33.96776580810547","8.54045295715332","10.652915954589844","33960.87646484375"
"2024-04-13 13:00:00.000","33.601219177246094","8.407599449157715","10.648842811584473","33632.076263427734"
"2024-04-13 14:00:00.000","23.81361198425293","8.861510276794434","10.956082344055176","24615.848541259766"
"2024-04-13 15:00:00.000","15.872294425964355","9.460958480834961","11.116445541381836","16983.644485473633"
"2024-04-13 16:00:00.000","15.188843727111816","9.566615104675293","","16309.431076049805"
"2024-04-13 17:00:00.000","12.753036499023438","9.773770332336426","11.196894645690918","13885.993003845215"
"2024-04-13 18:00:00.000","12.935300827026367","9.817152976989746","11.222513198852539","14067.648887634277"
"2024-04-13 19:00:00.000","28.97003746032715","9.365276336669922","10.678178787231445","29423.34747314453"
"2024-04-13 20:00:00.000","30.359285354614258","9.651747703552246","10.663017272949219","30694.3416595459"
"2024-04-13 21:00:00.000","33.4283447265625","9.68753719329834","10.629524230957031","33478.73306274414"
"2024-04-13 22:00:00.000","34.29072189331055","9.596440315246582","10.631270408630371","34252.994537353516"
"2024-04-13 23:00:00.000","33.749977111816406","9.692702293395996","10.756880760192871","33753.58200073242"
"2024-04-14 00:00:00.000","34.23909378051758","9.703083992004395","10.745901107788086","34193.82858276367"
"2024-04-14 01:00:00.000","33.5213508605957","9.793784141540527","10.800692558288574","33543.65921020508"
"2024-04-14 02:00:00.000","32.923274993896484","9.892303466796875","10.85363483428955","32999.78256225586"
"2024-04-14 03:00:00.000","33.220680236816406","9.74133014678955","10.81624984741211","33271.58737182617"
"2024-04-14 04:00:00.000","33.0693244934082","9.594361305236816","10.822132110595703","33134.71603393555"
"2024-04-14 05:00:00.000","33.246944427490234","9.494112968444824","10.809536933898926","33295.94421386719"
"2024-04-14 06:00:00.000","34.28218460083008","9.489972114562988","10.559919357299805","34249.58419799805"
"2024-04-14 07:00:00.000","33.769287109375","9.398649215698242","10.397416114807129","33811.370849609375"
"2024-04-14 08:00:00.000","33.891197204589844","9.305785179138184","10.349503517150879","33926.456451416016"
"2024-04-14 09:00:00.000","34.455081939697266","9.223713874816895","10.310761451721191","34437.27493286133"
"2024-04-14 10:00:00.000","34.23664855957031","9.166630744934082","10.347990989685059","34236.942291259766"
"2024-04-14 11:00:00.000","34.40822219848633","9.2457857131958","10.357234001159668","34389.81628417969"
"2024-04-14 12:00:00.000","34.17489242553711","9.103911399841309","10.363303184509277","34179.664611816406"
"2024-04-14 13:00:00.000","33.82278060913086","9.038131713867188","10.377204895019531","33861.778259277344"
"2024-04-14 14:00:00.000","31.452661514282227","9.149969100952148","10.662620544433594","31690.109252929688"
"2024-04-14 15:00:00.000","21.420448303222656","9.617523193359375","10.951028823852539","22351.577758789062"
"2024-04-14 16:00:00.000","11.63833236694336","10.035229682922363","10.936017036437988","12771.872520446777"
"2024-04-14 17:00:00.000","12.38215446472168","10.02873706817627","10.935619354248047","13522.762298583984"
"2024-04-14 18:00:00.000","10.777973175048828","10.189912796020508","10.914307594299316","11898.407936096191"
"2024-04-14 19:00:00.000","13.53242015838623","10.213459014892578","11.017080307006836","14672.378540039062"
"2024-04-14 20:00:00.000","30.32849884033203","9.609440803527832","10.536602973937988","30679.97169494629"
"2024-04-14 21:00:00.000","31.85565757751465","9.589841842651367","10.618429183959961","32060.070037841797"
"2024-04-14 22:00:00.000","32.50951385498047","9.627367973327637","10.710348129272461","32641.81137084961"
"2024-04-14 23:00:00.000","33.23757553100586","9.657003402709961","10.730420112609863","33296.051025390625"
"2024-04-15 00:00:00.000","33.74992752075195","9.662376403808594","10.700392723083496","33759.395599365234"
"2024-04-15 01:00:00.000","33.60199737548828","9.744871139526367","10.802080154418945","33615.821838378906"
"2024-04-15 02:00:00.000","33.81062698364258","9.653785705566406","10.802562713623047","33803.27606201172"
"2024-04-15 03:00:00.000","33.323883056640625","9.627299308776855","10.789145469665527","33367.35153198242"
"2024-04-15 04:00:00.000","33.53887939453125","9.5064697265625","10.771125793457031","33562.339782714844"
"2024-04-15 05:00:00.000","33.373748779296875","9.456777572631836","10.769742012023926","33414.310455322266"
"2024-04-15 06:00:00.000","33.138710021972656","9.30006217956543","10.787607192993164","33200.89340209961"
"2024-04-15 07:00:00.000","33.46178436279297","9.192399978637695","10.74715805053711","33495.643615722656"
"2024-04-15 08:00:00.000","32.813720703125","9.248069763183594","10.781468391418457","32908.748626708984"
"2024-04-15 09:00:00.000","33.60416030883789","9.375141143798828","11.144012451171875","33581.302642822266"
"2024-04-15 10:00:00.000","33.52168273925781","9.320322036743164","11.096090316772461","33512.393951416016"
"2024-04-15 11:00:00.000","33.511871337890625","9.172893524169922","11.180214881896973","33494.686126708984"
"2024-04-15 12:00:00.000","33.81742858886719","9.16367244720459","11.21441650390625","33765.113830566406"
"2024-04-15 13:00:00.000","33.866119384765625","9.031435012817383","11.172307968139648","33812.89291381836"
"2024-04-15 14:00:00.000","33.7774772644043","8.93591594696045","11.149504661560059","33736.16027832031"
"2024-04-15 15:00:00.000","31.91965675354004","9.001557350158691","10.988028526306152","32080.028533935547"
"2024-04-15 16:00:00.000","31.41275978088379","9.140812873840332","10.911574363708496","31628.568649291992"
"2024-04-15 17:00:00.000","9.804191589355469","10.423361778259277","10.584317207336426","10910.86483001709"
"2024-04-15 18:00:00.000","10.68879222869873","10.612698554992676","10.833141326904297","11809.96322631836"
"2024-04-15 19:00:00.000","10.904953956604004","10.65822696685791","11.028512954711914","12024.223327636719"
"2024-04-15 20:00:00.000","10.54979419708252","11.037941932678223","11.572391510009766","11645.891189575195"
"2024-04-15 21:00:00.000","29.058637619018555","9.941681861877441","11.048178672790527","29470.510482788086"
"2024-04-15 22:00:00.000","30.475425720214844","9.91229248046875","11.239632606506348","30745.838165283203"
"2024-04-15 23:00:00.000","31.923419952392578","9.795357704162598","11.253931045532227","32057.28530883789"
"2024-04-16 00:00:00.000","32.291114807128906","9.835681915283203","11.255023956298828","32388.717651367188"
"2024-04-16 01:00:00.000","32.891353607177734","9.750694274902344","11.20408821105957","32934.608459472656"
"2024-04-16 02:00:00.000","33.11257553100586","9.63985824584961","11.193377494812012","33133.628845214844"
"2024-04-16 03:00:00.000","33.373653411865234","9.540865898132324","11.092530250549316","33379.77600097656"
"2024-04-16 04:00:00.000","32.567256927490234","9.604207992553711","11.303289413452148","32632.797241210938"
"2024-04-16 05:00:00.000","32.72200393676758","9.433037757873535","11.258098602294922","32776.22985839844"
"2024-04-16 06:00:00.000","32.72072982788086","9.344799995422363","11.261922836303711","32775.16555786133"
"2024-04-16 07:00:00.000","32.707523345947266","9.306757926940918","11.240696907043457","32765.422821044922"
"2024-04-16 08:00:00.000","32.60358810424805","9.313966751098633","11.200592041015625","32675.872802734375"
"2024-04-16 09:00:00.000","33.84607696533203","9.043794631958008","10.42298698425293","33876.399993896484"
"2024-04-16 10:00:00.000","33.799652099609375","8.998544692993164","10.410930633544922","33837.13912963867"
"2024-04-16 11:00:00.000","33.70917510986328","9.034919738769531","10.39311408996582","33757.8010559082"
"2024-04-16 12:00:00.000","33.639583587646484","9.060501098632812","10.396000862121582","33694.81658935547"
"2024-04-16 13:00:00.000","33.93474197387695","8.94170093536377","10.351497650146484","33965.370178222656"
"2024-04-16 14:00:00.000","33.393402099609375","8.819073677062988","10.488544464111328","33462.890625"
"2024-04-16 15:00:00.000","33.36603927612305","8.8590669631958","10.561026573181152","33430.328369140625"
"2024-04-16 16:00:00.000","32.58317947387695","8.98043441772461","10.737483978271484","32705.4443359375"
"2024-04-16 17:00:00.000","31.190044403076172","9.353878021240234","11.029646873474121","31415.023803710938"
"2024-04-16 18:00:00.000","18.394664764404297","10.248764038085938","11.196785926818848","19436.481475830078"
"2024-04-16 19:00:00.000","9.83034896850586","10.514634132385254","11.502981185913086","10911.858558654785"
"2024-04-16 20:00:00.000","11.253300666809082","10.620942115783691","11.770320892333984","12355.31997680664"
"2024-04-16 21:00:00.000","16.046939849853516","10.494857788085938","12.158987998962402","17109.61151123047"
"2024-04-16 22:00:00.000","30.894685745239258","9.908812522888184","10.655752182006836","31183.85887145996"
"2024-04-16 23:00:00.000","31.71804428100586","9.843120574951172","10.662065505981445","31930.83381652832"
"2024-04-17 00:00:00.000","32.2984733581543","9.857397079467773","10.700583457946777","32452.90756225586"
"2024-04-17 01:00:00.000","33.42562484741211","9.694252967834473","10.538921356201172","33486.30142211914"
"2024-04-17 02:00:00.000","33.32378005981445","9.653392791748047","10.589312553405762","33389.05715942383"
"2024-04-17 03:00:00.000","33.7694091796875","9.57944107055664","10.527486801147461","33796.260833740234"
"2024-04-17 04:00:00.000","34.0255012512207","9.403658866882324","10.456769943237305","34034.85870361328"
"2024-04-17 05:00:00.000","33.37595748901367","9.53850269317627","10.611458778381348","33433.57849121094"
"2024-04-17 06:00:00.000","33.31126022338867","9.490501403808594","10.627411842346191","33373.43215942383"
"2024-04-17 07:00:00.000","33.068660736083984","9.409211158752441","10.697399139404297","33147.51434326172"
"2024-04-17 08:00:00.000","32.83536148071289","9.332650184631348","10.748889923095703","32931.72836303711"
"2024-04-17 09:00:00.000","32.81257629394531","9.280169486999512","10.767682075500488","32907.98568725586"
"2024-04-17 10:00:00.000","33.80853271484375","9.219490051269531","10.41250991821289","33844.947814941406"
"2024-04-17 11:00:00.000","33.688331604003906","8.8153715133667","9.889120101928711","33797.64175415039"
"2024-04-17 12:00:00.000","33.63446807861328","8.838285446166992","9.791507720947266","33760.719299316406"
"2024-04-17 13:00:00.000","33.458030700683594","8.798765182495117","9.77789306640625","33603.145599365234"
"2024-04-17 14:00:00.000","34.058902740478516","8.64419937133789","9.764780044555664","34146.51870727539"
"2024-04-17 15:00:00.000","33.514060974121094","8.698368072509766","9.852987289428711","33644.0544128418"
"2024-04-17 16:00:00.000","33.401092529296875","8.776529312133789","9.965832710266113","33529.52575683594"
"2024-04-17 17:00:00.000","33.369354248046875","8.951662063598633","10.102766990661621","33484.97772216797"
"2024-04-17 18:00:00.000","31.7745361328125","9.707290649414062","10.871459007263184","31960.09063720703"
"2024-04-17 19:00:00.000","14.723005294799805","10.43070125579834","11.662314414978027","15828.36627960205"
"2024-04-17 20:00:00.000","9.725419044494629","10.71693229675293","12.090673446655273","10789.08634185791"
"2024-04-17 21:00:00.000","10.213072776794434","10.813156127929688","12.408635139465332","11280.065536499023"
"2024-04-17 22:00:00.000","25.646894454956055","10.441267013549805","12.123699188232422","26240.283966064453"
"2024-04-17 23:00:00.000","32.195152282714844","9.599448204040527","10.568965911865234","32372.64633178711"
"2024-04-18 00:00:00.000","32.13475036621094","9.560486793518066","10.61365032196045","32312.99591064453"
